type,pcpv_mean
excluding c_p,1291.1939916984325
including c_p,822.4901962399142
